Antwan,Dougherty,ADougherty556,Phi-FR
Patrick,Knox,PKnoxX539,Art-SR
Shane,Parrish,SParrish474,Ger-SO
Jerome,Kerr,JKerrX130,Jou-SR
Adriel,Foley,AFoley752,Avi-JR
Seamus,Wagner,SWagner837,Ele-SR
Ashton,Hobbs,AHobbs844,Urb-FR
Evie,Petty,EPetty205,Pub-SO
Leandro,Myers,LMyers183,Cou-SR
Julia,Roberts,JRoberts830,Lib-FR
Lukas,Brandt,LBrandt112,Med-FR
Alani,Livingston,ALivingston006,Urb-SO
Jamiya,Peterson,JPeterson639,Med-JR
Kirsten,Roy,KRoyXX825,Man-FR
Johnny,Copeland,JCopeland583,Int-FR
Amirah,Wong,AWongX533,Cre-SO
Luciano,Kline,LKline201,Cyb-SO
Lance,Joseph,LJoseph641,Bio-SR
Paula,Rangel,PRangel431,Neu-SR
Jamie,Massey,JMassey853,Mus-SR
Karli,Rubio,KRubio755,Exe-SR
Ellis,Mcguire,EMcguire534,Con-JR
Madyson,Oliver,MOliver668,Sec-FR
Serenity,Fry,SFryXX411,Ele-JR
Jaliyah,Leon,JLeonX981,Geo-SO
Parker,Guerrero,PGuerrero247,Pol-FR
Milagros,Kemp,MKempX897,Avi-SR
Aniya,Garza,AGarza601,Edu-FR
Zoe,Roberts,ZRoberts528,The-SO
Ryder,Chan,RChanX239,Com-SR
Antonio,Norton,ANorton172,Mus-SR
Jazlene,Kim,JKimXX224,Com-JR
America,Cox,ACoxXX781,Avi-SR
Colby,Rogers,CRogers208,Soc-SR
Stella,Conrad,SConrad746,Bio-SO
Micheal,Mccullough,MMccullough223,Hea-SR
Kolby,Hardy,KHardy119,Mus-JR
Sophia,Tapia,STapia838,Che-FR
Addison,Jacobson,AJacobson891,Con-JR
Aimee,Terrell,ATerrell390,Eme-FR
Abagail,Cannon,ACannon376,Avi-FR
Donald,Conrad,DConrad782,Man-JR
Tiana,Medina,TMedina667,Edu-JR
Edwin,Vasquez,EVasquez466,Sec-SO
Sofia,Mcclain,SMcclain732,Pub-SR
Braylon,Nash,BNashX498,Inf-FR
Chaya,Buchanan,CBuchanan425,For-SR
Charlize,Juarez,CJuarez304,Rel-SR
Xzavier,Yu,XYuXXX036,Ger-SO
Timothy,Kent,TKentX916,Jou-FR
Bailee,Jones,BJones121,Bio-SR
Elizabeth,Hoover,EHoover898,Eng-FR
Jaida,Ramos,JRamos123,Avi-SR
Perla,Livingston,PLivingston240,Con-SR
Shayna,Simpson,SSimpson529,Eme-SO
Jan,Dawson,JDawson556,Wri-JR
Aryana,Huffman,AHuffman629,Mul-SO
Hillary,Fernandez,HFernandez684,Wom-JR
Hillary,Barnes,HBarnes360,Com-FR
Kayla,Parks,KParks990,Eco-SR
Todd,Murphy,TMurphy455,Sch-FR
Melissa,Kelley,MKelley398,Arc-SR
Abbigail,Gross,AGross563,Ath-SO
Alina,Benton,ABenton825,Spe-SO
Jadon,Klein,JKlein317,Com-SO
Saul,Love,SLoveX880,Inf-SO
Ingrid,Galvan,IGalvan204,Neu-FR
Zachery,Logan,ZLogan143,Kin-FR
Rubi,Singleton,RSingleton219,Soc-SO
Emiliano,Esparza,EEsparza346,Man-JR
Sierra,Salazar,SSalazar642,Cou-FR
Ashlyn,Blair,ABlair906,Acc-SR
Destiney,Barrera,DBarrera582,Com-JR
Armani,Good,AGoodX042,Bio-FR
Maximus,Mcneil,MMcneil765,Cre-JR
Jalen,Peters,JPeters543,Ath-JR
Chana,Preston,CPreston732,Inf-SR
Asia,Simmons,ASimmons665,Mus-FR
Ronan,Mccarty,RMccarty097,Bio-SO
Adrianna,Mitchell,AMitchell124,Arc-FR
Molly,Evans,MEvans887,His-SR
Lilah,Mcclure,LMcclure119,Sch-SR
Lola,Riddle,LRiddle430,Psy-JR
Khloe,Novak,KNovak114,Soc-JR
Elyse,Harding,EHarding535,Lit-SR
Aditya,Clark,AClark822,Mat-FR
Alvin,Patterson,APatterson967,Edu-SR
Deegan,Benson,DBenson951,For-FR
Aaron,Mcbride,AMcbride611,Eng-SR
Lilyana,West,LWestX516,Acc-SO
Connor,Liu,CLiuXX936,Cri-SO
Asher,Camacho,ACamacho735,Pol-SO
Myles,Hancock,MHancock239,Mat-SO
Asher,Cook,ACookX286,Ger-SO
Cale,Tanner,CTanner834,Pol-SO
Trent,Hester,THester168,Wri-SO
Cristofer,Romero,CRomero870,Bla-SO
Maren,Caldwell,MCaldwell745,Acc-SO
Matthew,Long,MLongX733,Civ-FR
Remington,Booker,RBooker222,The-JR
